{
  "de31b7ea-c0ea-4ac0-bef9-7f53ac7a1461": {
    "metrics": {
      "amount": {
        "count": 29640,
        "sum": -1579.8100349852273,
        "avg": -0.053299933703955034,
        "min": -2.463492667841585,
        "max": -0.0001344200115481144
      }
    },
    "uniqueValues": {
      "RackNumber": [
        "1.0"
      ],
      "Floor": [
        "Grd"
      ],
      "data_centre_id": [
        "de31b7ea-c0ea-4ac0-bef9-7f53ac7a1461"
      ],
      "Location": [
        "United Kingdom"
      ]
    }
  },
  "9d5cab0e-165f-4749-ad2b-6e88ee246819": {
    "metrics": {
      "amount": {
        "count": 29640,
        "sum": -1579.8100349852352,
        "avg": -0.053299933703955304,
        "min": -2.463492667841585,
        "max": -0.0001344200115481144
      }
    },
    "uniqueValues": {
      "RackNumber": [
        "1.0"
      ],
      "Floor": [
        "Grd"
      ],
      "data_centre_id": [
        "9d5cab0e-165f-4749-ad2b-6e88ee246819"
      ],
      "Location": [
        "United Kingdom"
      ]
    }
  },
  "fa3a6bbb-8c1f-4552-9fb8-6b0ca311b21e": {
    "metrics": {
      "amount": {
        "count": 29640,
        "sum": -1579.8100349852327,
        "avg": -0.05329993370395522,
        "min": -2.463492667841585,
        "max": -0.0001344200115481144
      }
    },
    "uniqueValues": {
      "RackNumber": [
        "1.0"
      ],
      "Floor": [
        "Grd"
      ],
      "data_centre_id": [
        "fa3a6bbb-8c1f-4552-9fb8-6b0ca311b21e"
      ],
      "Location": [
        "United Kingdom"
      ]
    }
  },
  "5c03426b-dc10-4f80-9cf7-7fe0dd195624": {
    "metrics": {
      "amount": {
        "count": 1824,
        "sum": -9394.606041932433,
        "avg": -5.150551558076992,
        "min": -15.00292791706847,
        "max": -1.866426105079789
      }
    },
    "uniqueValues": {
      "RackNumber": [
        "1.0"
      ],
      "Floor": [
        "B1"
      ],
      "data_centre_id": [
        "5c03426b-dc10-4f80-9cf7-7fe0dd195624"
      ],
      "Location": []
    }
  },
  "e554cd0c-2112-4522-8482-f91b4ee1cbed": {
    "metrics": {
      "amount": {
        "count": 29640,
        "sum": -1579.8100349852384,
        "avg": -0.053299933703955416,
        "min": -2.463492667841585,
        "max": -0.0001344200115481144
      }
    },
    "uniqueValues": {
      "RackNumber": [
        "1.0"
      ],
      "Floor": [
        "Grd"
      ],
      "data_centre_id": [
        "e554cd0c-2112-4522-8482-f91b4ee1cbed"
      ],
      "Location": [
        "United Kingdom"
      ]
    }
  },
  "7de7e379-600a-4d6c-b11b-df38f27a5a4e": {
    "metrics": {
      "amount": {
        "count": 29640,
        "sum": -1579.8100349852411,
        "avg": -0.053299933703955506,
        "min": -2.463492667841585,
        "max": -0.0001344200115481144
      }
    },
    "uniqueValues": {
      "RackNumber": [
        "1.0"
      ],
      "Floor": [
        "Grd"
      ],
      "data_centre_id": [
        "7de7e379-600a-4d6c-b11b-df38f27a5a4e"
      ],
      "Location": [
        "United Kingdom"
      ]
    }
  },
  "00ddb1de-3b97-4780-994b-4bf89bd766e9": {
    "metrics": {
      "amount": {
        "count": 29640,
        "sum": -1579.8100349852323,
        "avg": -0.05329993370395521,
        "min": -2.463492667841585,
        "max": -0.0001344200115481144
      }
    },
    "uniqueValues": {
      "RackNumber": [
        "1.0"
      ],
      "Floor": [
        "Grd"
      ],
      "data_centre_id": [
        "00ddb1de-3b97-4780-994b-4bf89bd766e9"
      ],
      "Location": [
        "United Kingdom"
      ]
    }
  },
  "978d45b6-f41a-4a98-bf5c-9daf25390d59": {
    "metrics": {
      "amount": {
        "count": 1824,
        "sum": -9394.606041932431,
        "avg": -5.150551558076991,
        "min": -15.00292791706847,
        "max": -1.866426105079789
      }
    },
    "uniqueValues": {
      "RackNumber": [
        "1.0"
      ],
      "Floor": [
        "B1"
      ],
      "data_centre_id": [
        "978d45b6-f41a-4a98-bf5c-9daf25390d59"
      ],
      "Location": []
    }
  },
  "1aae8652-2c52-4833-9463-551dcbfe76b6": {
    "metrics": {
      "amount": {
        "count": 29640,
        "sum": -1579.8100349852298,
        "avg": -0.053299933703955124,
        "min": -2.463492667841585,
        "max": -0.0001344200115481144
      }
    },
    "uniqueValues": {
      "RackNumber": [
        "1.0"
      ],
      "Floor": [
        "Grd"
      ],
      "data_centre_id": [
        "1aae8652-2c52-4833-9463-551dcbfe76b6"
      ],
      "Location": [
        "United Kingdom"
      ]
    }
  },
  "1feb0c2b-5173-4e70-9208-fc5a44d0e37f": {
    "metrics": {
      "amount": {
        "count": 2736,
        "sum": -413.4784162706374,
        "avg": -0.1511251521457008,
        "min": -0.1511251521457017,
        "max": -0.1511251521457017
      }
    },
    "uniqueValues": {
      "RackNumber": [
        "1.0"
      ],
      "Floor": [
        "Grd"
      ],
      "data_centre_id": [
        "1feb0c2b-5173-4e70-9208-fc5a44d0e37f"
      ],
      "Location": []
    }
  },
  "d8879a04-2095-484b-baeb-e9c862a2f474": {
    "metrics": {
      "amount": {
        "count": 29640,
        "sum": -1579.8100349852152,
        "avg": -0.05329993370395463,
        "min": -2.463492667841585,
        "max": -0.0001344200115481144
      }
    },
    "uniqueValues": {
      "RackNumber": [
        "1.0"
      ],
      "Floor": [
        "Grd"
      ],
      "data_centre_id": [
        "d8879a04-2095-484b-baeb-e9c862a2f474"
      ],
      "Location": [
        "United Kingdom"
      ]
    }
  },
  "613ef23f-6ced-4df4-a1a2-a55abe0b57d2": {
    "metrics": {
      "amount": {
        "count": 29640,
        "sum": -1579.810034985234,
        "avg": -0.05329993370395527,
        "min": -2.463492667841585,
        "max": -0.0001344200115481144
      }
    },
    "uniqueValues": {
      "RackNumber": [
        "1.0"
      ],
      "Floor": [
        "Grd"
      ],
      "data_centre_id": [
        "613ef23f-6ced-4df4-a1a2-a55abe0b57d2"
      ],
      "Location": [
        "United Kingdom"
      ]
    }
  },
  "5e57d1b8-9420-4283-bf35-6163c3bd224a": {
    "metrics": {
      "amount": {
        "count": 29640,
        "sum": -1579.8100349852368,
        "avg": -0.05329993370395536,
        "min": -2.463492667841585,
        "max": -0.0001344200115481144
      }
    },
    "uniqueValues": {
      "RackNumber": [
        "1.0"
      ],
      "Floor": [
        "Grd"
      ],
      "data_centre_id": [
        "5e57d1b8-9420-4283-bf35-6163c3bd224a"
      ],
      "Location": [
        "United Kingdom"
      ]
    }
  },
  "d2348ff1-b290-4539-963d-ef758d0e1e21": {
    "metrics": {
      "amount": {
        "count": 29640,
        "sum": -1579.8100349852239,
        "avg": -0.05329993370395492,
        "min": -2.463492667841585,
        "max": -0.0001344200115481144
      }
    },
    "uniqueValues": {
      "RackNumber": [
        "1.0"
      ],
      "Floor": [
        "Grd"
      ],
      "data_centre_id": [
        "d2348ff1-b290-4539-963d-ef758d0e1e21"
      ],
      "Location": [
        "United Kingdom"
      ]
    }
  },
  "e5d8875e-6aa1-4fca-bbae-e1439b67eed2": {
    "metrics": {
      "amount": {
        "count": 29640,
        "sum": -1579.8100349852448,
        "avg": -0.053299933703955624,
        "min": -2.463492667841585,
        "max": -0.0001344200115481144
      }
    },
    "uniqueValues": {
      "RackNumber": [
        "1.0"
      ],
      "Floor": [
        "Grd"
      ],
      "data_centre_id": [
        "e5d8875e-6aa1-4fca-bbae-e1439b67eed2"
      ],
      "Location": [
        "United Kingdom"
      ]
    }
  },
  "3c73560c-08b4-4074-9980-8b20686f97b8": {
    "metrics": {
      "amount": {
        "count": 29640,
        "sum": -1579.810034985236,
        "avg": -0.053299933703955325,
        "min": -2.463492667841585,
        "max": -0.0001344200115481144
      }
    },
    "uniqueValues": {
      "RackNumber": [
        "1.0"
      ],